"RK",TIERS,"PLAYER NAME",TEAM,"BYE WEEK","SOS SEASON","ECR VS. ADP","AVG. DIFF ","% OVER "
"1",1,"Ja'Marr Chase",CIN,"10","3 out of 5 stars","0","+4.1","56% (9/16)"
"2",1,"Justin Jefferson",MIN,"6","2 out of 5 stars","0","+0.7","50% (8/16)"
"3",1,"CeeDee Lamb",DAL,"10","2 out of 5 stars","0","-0.4","46% (7/15)"
"4",1,"Puka Nacua",LAR,"8","3 out of 5 stars","+1","+1.4","54% (6/11)"
"5",2,"Nico Collins",HOU,"6","4 out of 5 stars","+3","+0.9","63% (7/11)"
"6",2,"Malik Nabers",NYG,"14","2 out of 5 stars","-2","+1.8","42% (6/14)"
"7",2,"Brian Thomas Jr.",JAC,"8","4 out of 5 stars","0","+3.7","75% (12/16)"
"8",2,"Amon-Ra St. Brown",DET,"8","3 out of 5 stars","-2","+1.0","62% (10/16)"
"9",2,"A.J. Brown",PHI,"9","3 out of 5 stars","+1","+0.8","53% (7/13)"
"10",2,"Drake London",ATL,"5","3 out of 5 stars","-1","-0.3","56% (9/16)"
"11",3,"Ladd McConkey",LAC,"12","3 out of 5 stars","0","+2.0","53% (8/15)"
"12",3,"Tee Higgins",CIN,"10","3 out of 5 stars","+1","+4.0","63% (7/11)"
"13",3,"Mike Evans",TB,"9","3 out of 5 stars","+6","+1.5","46% (6/13)"
"14",3,"Tyreek Hill",MIA,"12","3 out of 5 stars","-2","-2.1","31% (5/16)"
"15",3,"Davante Adams",LAR,"8","3 out of 5 stars","+1","+1.3","46% (6/13)"
"16",3,"Jaxon Smith-Njigba",SEA,"8","3 out of 5 stars","-2","+1.6","50% (8/16)"
"17",3,"Terry McLaurin",WAS,"12","3 out of 5 stars","-2","+1.8","75% (12/16)"
"18",3,"Garrett Wilson",NYJ,"9","4 out of 5 stars","0","+0.1","43% (7/16)"
"19",3,"Marvin Harrison Jr.",ARI,"8","4 out of 5 stars","-2","-1.6","37% (6/16)"
"20",4,"DK Metcalf",PIT,"5","4 out of 5 stars","+1","-1.7","28% (4/14)"
"21",4,"Jameson Williams",DET,"8","3 out of 5 stars","+7","+2.6","60% (9/15)"
"22",4,"Courtland Sutton",DEN,"12","3 out of 5 stars","+2","+1.1","62% (10/16)"
"23",4,"DJ Moore",CHI,"5","2 out of 5 stars","-1","-0.2","31% (5/16)"
"24",4,"Zay Flowers",BAL,"7","3 out of 5 stars","+1","-1.4","37% (6/16)"
"25",4,"Xavier Worthy",KC,"10","3 out of 5 stars","+1","+0.7","50% (8/16)"
"26",4,"DeVonta Smith",PHI,"9","3 out of 5 stars","-3","+1.7","53% (7/13)"
"27",4,"Rashee Rice",KC,"10","3 out of 5 stars","-7","-0.7","75% (3/4)"
"28",4,"Calvin Ridley",TEN,"10","4 out of 5 stars","+2","-0.4","37% (6/16)"
"29",4,"George Pickens",DAL,"10","2 out of 5 stars","0","-1.2","30% (4/13)"
"30",4,"Tetairoa McMillan",CAR,"14","4 out of 5 stars","-3","-","-"
"31",5,"Jaylen Waddle",MIA,"12","3 out of 5 stars","+7","-1.3","21% (3/14)"
"32",5,"Travis Hunter",JAC,"8","4 out of 5 stars","0","-","-"
"33",5,"Jordan Addison",MIN,"6","2 out of 5 stars","+1","+3.5","50% (7/14)"
"34",5,"Chris Olave",NO,"11","4 out of 5 stars","+2","-3.5","30% (3/10)"
"35",5,"Rome Odunze",CHI,"5","2 out of 5 stars","+2","-0.9","25% (4/16)"
"36",5,"Jerry Jeudy",CLE,"9","2 out of 5 stars","-3","+2.5","68% (11/16)"
"37",5,"Chris Godwin",TB,"9","3 out of 5 stars","-6","+3.5","57% (4/7)"
"38",5,"Jayden Reed",GB,"5","2 out of 5 stars","+4","-0.3","37% (6/16)"
"39",5,"Jauan Jennings",SF,"14","4 out of 5 stars","+4","+2.4","42% (6/14)"
"40",5,"Deebo Samuel Sr.",WAS,"12","3 out of 5 stars","-5","-3.9","20% (3/15)"
"41",5,"Jakobi Meyers",LV,"8","4 out of 5 stars","-2","+1.1","50% (7/14)"
"42",5,"Ricky Pearsall",SF,"14","4 out of 5 stars","+6","+1.0","40% (4/10)"
"43",5,"Khalil Shakir",BUF,"7","3 out of 5 stars","+2","-0.2","53% (8/15)"
"44",6,"Stefon Diggs",NE,"14","3 out of 5 stars","-4","+0.2","50% (4/8)"
"45",6,"Josh Downs",IND,"11","4 out of 5 stars","+6","+1.2","46% (6/13)"
"46",6,"Brandon Aiyuk",SF,"14","4 out of 5 stars","-2","-4.9","14% (1/7)"
"47",6,"Darnell Mooney",ATL,"5","3 out of 5 stars","+2","+0.6","50% (8/16)"
"48",6,"Cooper Kupp",SEA,"8","3 out of 5 stars","-7","-1.1","50% (6/12)"
"49",6,"Michael Pittman Jr.",IND,"11","4 out of 5 stars","-3","-1.5","40% (6/15)"
"50",6,"Keon Coleman",BUF,"7","3 out of 5 stars","+2","-0.6","46% (6/13)"
"51",6,"Emeka Egbuka",TB,"9","3 out of 5 stars","+2","-","-"
"52",6,"Matthew Golden",GB,"5","2 out of 5 stars","-5","-","-"
"53",6,"Rashid Shaheed",NO,"11","4 out of 5 stars","+5","+2.2","66% (4/6)"
"54",6,"Rashod Bateman",BAL,"7","3 out of 5 stars","+1","+1.7","50% (8/16)"
"55",6,"Christian Kirk",HOU,"6","4 out of 5 stars","+1","-2.1","37% (3/8)"
"56",6,"Marvin Mims Jr.",DEN,"12","3 out of 5 stars","+9","+2.0","50% (8/16)"
"57",6,"Luther Burden III",CHI,"5","2 out of 5 stars","+9","-","-"
"58",6,"Tre' Harris",LAC,"12","3 out of 5 stars","-4","-","-"
"59",6,"Cedric Tillman",CLE,"9","2 out of 5 stars","+1","+1.0","27% (3/11)"
"60",6,"Romeo Doubs",GB,"5","2 out of 5 stars","+3","+0.4","38% (5/13)"
"61",6,"Marquise Brown",KC,"10","3 out of 5 stars","+8","+1.7","50% (1/2)"
"62",7,"Jalen McMillan",TB,"9","3 out of 5 stars","-3","+1.6","46% (6/13)"
"63",7,"Quentin Johnston",LAC,"12","3 out of 5 stars","-6","+0.5","50% (7/14)"
"64",7,"Jayden Higgins",HOU,"6","4 out of 5 stars","-14","-","-"
"65",7,"Kyle Williams",NE,"14","3 out of 5 stars","-4","-","-"
"66",7,"Adam Thielen",CAR,"14","4 out of 5 stars","+6","+3.3","55% (5/9)"
"67",7,"DeAndre Hopkins",BAL,"7","3 out of 5 stars","+4","-1.0","31% (5/16)"
"68",7,"Xavier Legette",CAR,"14","4 out of 5 stars","+5","-1.0","40% (6/15)"
"69",7,"Joshua Palmer",BUF,"7","3 out of 5 stars","+6","-1.2","26% (4/15)"
"70",7,"Wan'Dale Robinson",NYG,"14","2 out of 5 stars","+4","-0.3","43% (7/16)"
"71",7,"Alec Pierce",IND,"11","4 out of 5 stars","-7","+3.1","53% (8/15)"
"72",7,"DeMario Douglas",NE,"14","3 out of 5 stars","+4","-0.6","37% (6/16)"
"73",7,"Jalen Coker",CAR,"14","4 out of 5 stars","+20","+1.9","44% (4/9)"
"74",7,"Jack Bech",LV,"8","4 out of 5 stars","-7","-","-"
"75",7,"Michael Wilson",ARI,"8","4 out of 5 stars","+5","-0.1","50% (8/16)"
"76",7,"Adonai Mitchell",IND,"11","4 out of 5 stars","+9","-2.5","18% (3/16)"
"77",7,"Darius Slayton",NYG,"14","2 out of 5 stars","+4","-0.5","33% (5/15)"
"78",7,"Dontayvion Wicks",GB,"5","2 out of 5 stars","+8","-1.1","25% (4/16)"
"79",7,"Andrei Iosivas",CIN,"10","3 out of 5 stars","+12","+0.5","50% (8/16)"
"80",7,"Jaylin Noel",HOU,"6","4 out of 5 stars","-3","-","-"
"81",8,"Calvin Austin III",PIT,"5","4 out of 5 stars","-11","+1.6","43% (7/16)"
"82",8,"Devaughn Vele",DEN,"12","3 out of 5 stars","+22","+1.2","50% (6/12)"
"83",8,"Elic Ayomanor",TEN,"10","4 out of 5 stars","+7","-","-"
"84",8,"Pat Bryant",DEN,"12","3 out of 5 stars","-6","-","-"
"85",8,"Tyler Lockett",TEN,"10","4 out of 5 stars","+3","-2.0","31% (5/16)"
"86",8,"Jalen Tolbert",DAL,"10","2 out of 5 stars","+22","+1.4","56% (9/16)"
"87",8,"Nick Westbrook-Ikhine",MIA,"12","3 out of 5 stars","-","+2.5","50% (7/14)"
"88",8,"Diontae Johnson",CLE,"9","2 out of 5 stars","-1","-2.5","23% (3/13)"
"89",8,"Elijah Moore",BUF,"7","3 out of 5 stars","+18","-1.0","31% (5/16)"
"90",8,"Jalen Royals",KC,"10","3 out of 5 stars","-7","-","-"
"91",8,"Roman Wilson",PIT,"5","4 out of 5 stars","-2","-","-"
"92",8,"Brandin Cooks",NO,"11","4 out of 5 stars","+3","-1.0","18% (2/11)"
"93",8,"Keenan Allen",FA,"-","-","-31","+1.4","35% (5/14)"
"94",8,"Dyami Brown",JAC,"8","4 out of 5 stars","-15","-0.3","40% (6/15)"
"95",8,"Kayshon Boutte",NE,"14","3 out of 5 stars","+5","+1.2","53% (8/15)"
"96",8,"Malik Washington",MIA,"12","3 out of 5 stars","-","+0.4","45% (5/11)"
"97",8,"Tim Patrick",DET,"8","3 out of 5 stars","-","+0.7","53% (8/15)"
"98",8,"Tre Tucker",LV,"8","4 out of 5 stars","-1","0.0","31% (5/16)"
"99",8,"Parker Washington",JAC,"8","4 out of 5 stars","-","+0.7","40% (6/15)"
"100",8,"Amari Cooper",FA,"-","-","-32","-2.3","28% (4/14)"
"101",8,"Jalen Nailor",MIN,"6","2 out of 5 stars","-5","+0.9","43% (7/16)"
"102",8,"Xavier Restrepo",TEN,"10","4 out of 5 stars","-4","-","-"
"103",8,"Luke McCaffrey",WAS,"12","3 out of 5 stars","-","-1.8","25% (4/16)"
"104",8,"Tory Horton",SEA,"8","3 out of 5 stars","-5","-","-"
"105",8,"Christian Watson",GB,"5","2 out of 5 stars","-23","-1.8","28% (4/14)"
"106",8,"Jermaine Burton",CIN,"10","3 out of 5 stars","-5","-0.4","16% (2/12)"
"107",9,"Isaac TeSlaa",DET,"8","3 out of 5 stars","-13","-","-"
"108",9,"Tez Johnson",TB,"9","3 out of 5 stars","-","-","-"
"109",9,"Gabe Davis",FA,"-","-","-","-3.3","10% (1/10)"
"110",9,"Dont'e Thornton Jr.",LV,"8","4 out of 5 stars","-26","-","-"
"111",9,"John Metchie III",HOU,"6","4 out of 5 stars","-","+0.5","33% (4/12)"
"112",9,"Jordan Whittington",LAR,"8","3 out of 5 stars","-9","-","-"
"113",9,"Tutu Atwell",LAR,"8","3 out of 5 stars","-11","-","-"
"114",9,"Tai Felton",MIN,"6","2 out of 5 stars","-","-","-"
"115",9,"Demarcus Robinson",SF,"14","4 out of 5 stars","-","-0.3","31% (5/16)"
"116",9,"Ray-Ray McCloud III",ATL,"5","3 out of 5 stars","-24","-","-"
"117",9,"Marquez Valdes-Scantling",SEA,"8","3 out of 5 stars","-12","-","-"
"118",9,"Troy Franklin",DEN,"12","3 out of 5 stars","-12","-","-"
"119",9,"Savion Williams",GB,"5","2 out of 5 stars","-8","-","-"
"120",9,"Chimere Dike",TEN,"10","4 out of 5 stars","-","-","-"
"121",9,"KaVontae Turpin",DAL,"10","2 out of 5 stars","-","-","-"
"122",9,"Noah Brown",WAS,"12","3 out of 5 stars","-","-","-"
"123",9,"Tank Dell",HOU,"6","4 out of 5 stars","-","-2.0","28% (4/14)"
"124",9,"Mack Hollins",NE,"14","3 out of 5 stars","-","-","-"
"125",9,"Josh Reynolds",NYJ,"9","4 out of 5 stars","-","-","-"
"126",9,"Curtis Samuel",BUF,"7","3 out of 5 stars","-17","-","-"
"127",10,"Allen Lazard",NYJ,"9","4 out of 5 stars","-","-","-"
"128",10,"Jaylin Lane",WAS,"12","3 out of 5 stars","-18","-","-"
"129",10,"Isaiah Bond",FA,"-","-","-","-","-"
"130",10,"Jahan Dotson",PHI,"9","3 out of 5 stars","-","-","-"
"131",10,"Robert Woods",PIT,"5","4 out of 5 stars","-","-","-"
"132",10,"Kendrick Bourne",NE,"14","3 out of 5 stars","-","-","-"
"133",10,"Ja'Lynn Polk",NE,"14","3 out of 5 stars","-","-","-"
"134",10,"Van Jefferson",TEN,"10","4 out of 5 stars","-","-","-"
"135",10,"Antwane Wells Jr.",NYG,"14","2 out of 5 stars","-","-","-"
"136",10,"Greg Dortch",ARI,"8","4 out of 5 stars","-","-","-"
"137",10,"Olamide Zaccheaus",CHI,"5","2 out of 5 stars","-","-","-"
"138",10,"Jacob Cowing",SF,"14","4 out of 5 stars","-","-","-"
"139",10,"Jalin Hyatt",NYG,"14","2 out of 5 stars","-","-","-"
"140",10,"Theo Wease Jr.",MIA,"12","3 out of 5 stars","-","-","-"
"141",10,"Malachi Corley",NYJ,"9","4 out of 5 stars","-","-","-"
"142",10,"Jonathan Mingo",DAL,"10","2 out of 5 stars","-","-","-"
"143",10,"JuJu Smith-Schuster",KC,"10","3 out of 5 stars","-","-","-"
"144",10,"Arian Smith",NYJ,"9","4 out of 5 stars","-","-","-"
"145",10,"Zay Jones",ARI,"8","4 out of 5 stars","-","-","-"
"146",10,"KeAndre Lambert-Smith",LAC,"12","3 out of 5 stars","-","-","-"
"147",10,"Javon Baker",NE,"14","3 out of 5 stars","-","-","-"
"148",10,"Treylon Burks",TEN,"10","4 out of 5 stars","-","-","-"
"149",10,"Jake Bobo",SEA,"8","3 out of 5 stars","-","-","-"
"150",10,"Devontez Walker",BAL,"7","3 out of 5 stars","-","-","-"
"151",10,"Jordan Watkins",SF,"14","4 out of 5 stars","-","-","-"
"152",10,"Kalif Raymond",DET,"8","3 out of 5 stars","-","-","-"
"153",10,"KhaDarel Hodge",ATL,"5","3 out of 5 stars","-","-","-"
"154",11,"Hunter Renfrow",CAR,"14","4 out of 5 stars","-","-","-"
"155",11,"Bub Means",NO,"11","4 out of 5 stars","-","-","-"
"156",11,"Efton Chism III",NE,"14","3 out of 5 stars","-","-","-"
"157",11,"Kaden Prather",BUF,"7","3 out of 5 stars","-","-","-"
"158",11,"Tyler Johnson",NYJ,"9","4 out of 5 stars","-","-","-"
"159",11,"Michael Gallup",WAS,"12","3 out of 5 stars","-","-","-"
"160",11,"Rondale Moore",MIN,"6","2 out of 5 stars","-","-","-"
"161",11,"K.J. Osborn",WAS,"12","3 out of 5 stars","-","-","-"
"162",11,"Derius Davis",LAC,"12","3 out of 5 stars","-","-","-"
"163",11,"David Moore",CAR,"14","4 out of 5 stars","-","-","-"
"164",11,"Johnny Wilson",PHI,"9","3 out of 5 stars","-","-","-"
"165",11,"Ainias Smith",PHI,"9","3 out of 5 stars","-","-","-"
"166",11,"Nick Nash",ATL,"5","3 out of 5 stars","-","-","-"
"167",11,"Ricky White III",SEA,"8","3 out of 5 stars","-","-","-"
"168",11,"Mecole Hardman Jr.",GB,"5","2 out of 5 stars","-","-","-"
"169",11,"Cedrick Wilson Jr.",NO,"11","4 out of 5 stars","-","-","-"
"170",11,"Jimmy Horn Jr.",CAR,"14","4 out of 5 stars","-","-","-"
"171",11,"DJ Chark Jr.",ATL,"5","3 out of 5 stars","-","-","-"
"172",11,"Sterling Shepard",TB,"9","3 out of 5 stars","-","-","-"
"173",11,"Simi Fehoko",ARI,"8","4 out of 5 stars","-","-","-"
"174",11,"Jamari Thrash",CLE,"9","2 out of 5 stars","-","-","-"
"175",11,"Tylan Wallace",BAL,"7","3 out of 5 stars","-","-","-"
"176",11,"Michael Woods II",CLE,"9","2 out of 5 stars","-","-","-"
"177",11,"Brennan Eagles",FA,"-","-","-","-","-"
"178",11,"Xavier Gipson",NYJ,"9","4 out of 5 stars","-","-","-"
"179",11,"Tyler Boyd",FA,"-","-","-","-","-"
"180",11,"Trent Sherfield Sr.",DEN,"12","3 out of 5 stars","-","-","-"
"181",11,"Ben Skowronek",PIT,"5","4 out of 5 stars","-","-","-"
"182",11,"Austin Trammell",JAC,"8","4 out of 5 stars","-","-","-"
"183",11,"Bo Melton",GB,"5","2 out of 5 stars","-","-","-"
"184",11,"Erik Ezukanma",MIA,"12","3 out of 5 stars","-","-","-"
"185",11,"Justin Watson",HOU,"6","4 out of 5 stars","-","-","-"
"186",11,"Konata Mumpfield",LAR,"8","3 out of 5 stars","-","-","-"
"187",11,"David Bell",CLE,"9","2 out of 5 stars","-","-","-"
"188",11,"Xavier Hutchinson",HOU,"6","4 out of 5 stars","-","-","-"
"189",11,"Xavier Smith",LAR,"8","3 out of 5 stars","-","-","-"
"190",11,"DeAndre Carter",CLE,"9","2 out of 5 stars","-","-","-"
"191",11,"Velus Jones Jr.",NO,"11","4 out of 5 stars","-","-","-"
"192",11,"Scotty Miller",PIT,"5","4 out of 5 stars","-","-","-"
"193",11,"Dante Pettis",NO,"11","4 out of 5 stars","-","-","-"
"194",11,"Zach Pascal",NYG,"14","2 out of 5 stars","-","-","-"
"195",12,"Charlie Jones",CIN,"10","3 out of 5 stars","-","-","-"
"196",12,"Lil'Jordan Humphrey",NYG,"14","2 out of 5 stars","-","-","-"
"197",12,"Skyy Moore",KC,"10","3 out of 5 stars","-","-","-"
"198",12,"Tim Jones",MIN,"6","2 out of 5 stars","-","-","-"
"199",12,"Jalen Brooks",DAL,"10","2 out of 5 stars","-","-","-"
"200",12,"Kevin Austin Jr.",NO,"11","4 out of 5 stars","-","-","-"
"201",12,"Trey Palmer",TB,"9","3 out of 5 stars","-","-","-"
"202",12,"Anthony Gould",IND,"11","4 out of 5 stars","-","-","-"
"203",12,"Terrace Marshall Jr.",PHI,"9","3 out of 5 stars","-","-","-"
"204",12,"Casey Washington",ATL,"5","3 out of 5 stars","-","-","-"
"205",12,"Kobe Hudson",CAR,"14","4 out of 5 stars","-","-","-"
"206",12,"Laviska Shenault Jr.",BUF,"7","3 out of 5 stars","-","-","-"
"207",12,"Ashton Dulin",IND,"11","4 out of 5 stars","-","-","-"
"208",12,"Rakim Jarrett",TB,"9","3 out of 5 stars","-","-","-"
"209",12,"Devin Duvernay",CHI,"5","2 out of 5 stars","-","-","-"
"210",12,"Brandon Johnson",PIT,"5","4 out of 5 stars","-","-","-"
"211",12,"A.T. Perry",DEN,"12","3 out of 5 stars","-","-","-"
"212",12,"Dee Eskridge",MIA,"12","3 out of 5 stars","-","-","-"
"213",13,"Ryan Flournoy",DAL,"10","2 out of 5 stars","-","-","-"