"Player","Position","Team","ETR Full PPR","ETR Half PPR","ETR Std","ETR Superflex Full","ETR Superflex Half","ESPN ADP","Yahoo ADP","id"
"Jahmyr Gibbs","RB","DET","79","84","78","54","56","71","74","00-0039139"
"Bijan Robinson","RB","ATL","75","78","71","52","52","68","72","00-0038542"
"Ja'Marr Chase","WR","CIN","71","71","61","48","47","63","64","00-0036900"
"Puka Nacua","WR","LA","70","70","60","47","47","60","61","00-0039075"
"Jaxon Smith-Njigba","WR","SEA","69","70","62","46","47","60","59","00-0038543"
"Christian McCaffrey","RB","SF","63","63","56","43","42","57","60","00-0033280"
"Justin Jefferson","WR","MIN","58","59","52","39","39","51","47","00-0036322"
"Amon-Ra St Brown","WR","DET","56","55","48","38","37","58","57","00-0036963"
"Jonathan Taylor","RB","IND","53","59","61","36","39","59","59","00-0036223"
"CeeDee Lamb","WR","DAL","52","53","47","35","35","51","51","00-0036358"
"James Cook","RB","BUF","44","50","53","30","33","54","54","00-0037248"
"Saquon Barkley","RB","PHI","44","49","49","30","32","48","49","00-0034844"
"Chase Brown","RB","CIN","42","42","39","28","28","44","46","00-0038597"
"Omarion Hampton","RB","LAC","41","42","41","27","28","43","44","00-0040666"
"Kenneth Walker","RB","KC","40","43","42","27","28","37","44","00-0038134"
"De'Von Achane","RB","MIA","39","38","34","26","25","50","44","00-0039040"
"Brock Bowers","TE","LV","39","37","32","25","24","34","36","00-0039338"
"Derrick Henry","RB","BAL","38","48","55","26","32","43","40","00-0032764"
"Drake London","WR","ATL","38","38","34","25","25","38","38","00-0037238"
"AJ Brown","WR","NE","37","38","36","24","25","37","32","00-0035676"
"Ashton Jeanty","RB","LV","37","37","35","25","24","38","44","00-0040122"
"Chris Olave","WR","NO","37","36","32","24","23","30","24","00-0037239"
"Nico Collins","WR","HOU","36","37","36","24","24","33","35","00-0036554"
"Trey McBride","TE","ARI","35","32","27","23","21","34","29","00-0037744"
"George Pickens","WR","DAL","34","35","34","22","23","30","32","00-0037247"
"Jeremiyah Love","RB","ARI","34","34","31","23","22","34","28","ROOKIE jeremiyah love"
"Malik Nabers","WR","NYG","34","33","31","22","22","28","27","00-0039337"
"Rashee Rice","WR","KC","34","30","25","22","20","30","22","00-0039067"
"Breece Hall","RB","NYJ","33","32","29","22","21","26","22","00-0038120"
"Javonte Williams","RB","DAL","32","35","36","21","23","28","24","00-0036997"
"Kyren Williams","RB","LA","31","34","35","21","22","26","27","00-0037840"
"Garrett Wilson","WR","NYJ","31","28","24","20","18","23","14","00-0037740"
"Travis Etienne","RB","NO","30","31","31","20","20","21","18","00-0036973"
"Devonta Smith","WR","PHI","29","28","27","18","18","24","25","00-0036912"
"Ladd McConkey","WR","LAC","29","28","27","18","18","20","15","00-0039915"
"Zay Flowers","WR","BAL","28","28","27","17","18","20","19","00-0039064"
"Tee Higgins","WR","CIN","26","28","29","17","18","17","21","00-0036410"
"Jaylen Waddle","WR","DEN","26","26","26","17","17","17","16","00-0036613"
"D'Andre Swift","RB","CHI","25","27","29","16","17","16","14","00-0036275"
"Colston Loveland","TE","CHI","25","25","24","16","16","18","18","00-0040126"
"Josh Allen","QB","BUF","24","28","28","50","53","39","30","00-0034857"
"Davante Adams","WR","LA","24","25","25","15","16","18","10","00-0031381"
"Tetairoa McMillan","WR","CAR","24","24","25","15","16","20","16","00-0040124"
"Bucky Irving","RB","TB","23","23","22","15","14","14","11","00-0039361"
"Emeka Egbuka","WR","TB","22","22","23","13","14","21","14","00-0040129"
"Luther Burden","WR","CHI","22","21","21","13","13","9","10","00-0040735"
"Jameson Williams","WR","DET","20","22","24","12","14","11","7","00-0037240"
"Terry McLaurin","WR","WAS","20","20","22","12","13","12","10","00-0035659"
"Cam Skattebo","RB","NYG","18","18","18","12","11","18","17","00-0040715"
"DJ Moore","WR","BUF","17","17","18","10","11","13","9","00-0034827"
"Bhayshul Tuten","RB","JAX","16","15","16","10","9","13","10","00-0040719"
"David Montgomery","RB","HOU","15","17","21","10","11","12","12","00-0035685"
"Jadarian Price","RB","SEA","15","17","21","10","11","13","10","ROOKIE jadarian price"
"Lamar Jackson","QB","BAL","15","16","16","43","45","24","15","00-0034796"
"Rhamondre Stevenson","RB","NE","15","15","16","9","9","7","4","00-0036875"
"Tyler Warren","TE","IND","15","13","13","9","8","12","13","00-0040128"
"Quinshon Judkins","RB","CLE","14","15","17","9","9","18","12","00-0040784"
"Parker Washington","WR","JAX","14","14","16","8","9","6","4","00-0038606"
"TreVeyon Henderson","RB","NE","14","13","14","8","8","7","8","00-0040734"
"Jaylen Warren","RB","PIT","14","10","8","9","6","5","4","00-0037228"
"Mike Evans","WR","SF","13","15","18","7","9","6","6","00-0031408"
"Jayden Daniels","QB","WAS","13","14","13","42","43","15","6","00-0039910"
"Christian Watson","WR","GB","12","14","18","7","9","6","6","00-0038124"
"DK Metcalf","WR","PIT","12","12","14","6","7","5","2","00-0035640"
"Jalen Hurts","QB","PHI","11","11","10","40","41","14","6","00-0036389"
"Joe Burrow","QB","CIN","11","11","10","40","41","14","9","00-0036442"
"Rico Dowdle","RB","PIT","11","10","10","7","6","4","3","00-0036139"
"Rome Odunze","WR","CHI","10","10","14","5","6","11","6","00-0039919"
"RJ Harvey","RB","DEN","10","5","2","6","2","2","2","00-0040730"
"Brian Thomas","WR","JAX","9","10","13","4","5","3","3","00-0039893"
"MarShawn Lloyd","RB","GB","9","9","11","6","5","3","4","00-0039811"
"Marvin Harrison","WR","ARI","9","9","11","5","5","7","4","00-0039849"
"Tony Pollard","RB","TEN","9","8","10","5","5","5","4","00-0035261"
"Jonathon Brooks","RB","CAR","9","7","9","5","4","4","4","00-0039344"
"Carnell Tate","WR","TEN","9","7","9","4","4","7","3","ROOKIE carnell tate"
"Drake Maye","QB","NE","8","7","7","38","39","16","9","00-0039851"
"Tucker Kraft","TE","GB","7","8","13","3","4","4","6","00-0038996"
"Chuba Hubbard","RB","CAR","7","4","5","4","2","3","4","00-0036555"
"Chris Godwin","WR","TB","7","4","5","3","2","2","2","00-0033921"
"Kenneth Gainwell","RB","TB","7","2","1","4","2","3","2","00-0036919"
"Jayden Reed","WR","GB","6","6","8","2","3","1","1","00-0039146"
"Justin Herbert","QB","LAC","6","6","6","37","38","7","4","00-0036355"
"Blake Corum","RB","LA","5","6","10","2","3","3","3","00-0039738"
"Jordan Addison","WR","MIN","5","5","8","2","2","2","1","00-0038994"
"Quentin Johnston","WR","LAC","5","4","8","2","2","2","1","00-0038544"
"Sam LaPorta","TE","DET","5","4","7","1","2","6","5","00-0039065"
"Dak Prescott","QB","DAL","5","4","4","36","37","9","4","00-0033077"
"Josh Downs","WR","IND","5","3","3","2","2","1","1","00-0038997"
"Caleb Williams","QB","CHI","4","5","4","37","37","8","4","00-0039918"
"Courtland Sutton","WR","DEN","4","4","7","2","2","6","2","00-0034348"
"Harold Fannin","TE","CLE","4","2","4","2","2","6","4","00-0040663"
"Kyle Pitts","TE","ATL","4","2","4","2","2","6","4","00-0036970"
"Stefon Diggs","WR","WAS","4","2","3","2","1","3","2","00-0031588"
"Michael Pittman","WR","PIT","4","1","1","2","1","4","1","00-0036252"
"Wan'Dale Robinson","WR","TEN","4","1","1","2","1","2","1","00-0038117"
"Jacory Croskey-Merritt","RB","WAS","3","3","7","2","2","2","2","00-0040242"
"Michael Wilson","WR","ARI","3","2","4","2","2","3","2","00-0038559"
"Makai Lemon","WR","PHI","3","2","4","2","1","2","1","ROOKIE makai lemon"
"Patrick Mahomes","QB","KC","3","2","2","35","36","6","2","00-0033873"
"JK Dobbins","RB","DEN","2","3","7","2","2","3","2","00-0036158"
"Trevor Lawrence","QB","JAX","2","3","2","35","36","6","2","00-0036971"
"Jordan Mason","RB","MIN","2","2","7","2","2","2","2","00-0037525"
"Matthew Golden","WR","GB","2","2","6","1","1","2","1","00-0040667"
"Baker Mayfield","QB","TB","2","2","2","30","29","2","1","00-0034855"
"Malik Willis","QB","MIA","2","2","2","29","28","1","1","00-0038128"
"Brandon Aubrey","K","DAL","2","2","2","2","2","5","4","00-0037692"
"Josh Jacobs","RB","GB","2","2","2","1","2","16","21","00-0035700"
"Matthew Stafford","QB","LA","2","2","1","35","35","6","2","00-0026498"
"Rachaad White","RB","WAS","2","2","1","2","1","2","1","00-0037256"
"De'Zhaun Stribling","WR","SF","2","1","5","1","1","2","2","ROOKIE dezhaun stribling"
"Xavier Worthy","WR","KC","2","1","5","1","1","2","1","00-0039894"
"KC Concepcion","WR","CLE","2","1","4","1","1","1","1","ROOKIE kc concepcion"
"Brock Purdy","QB","SF","2","1","1","35","35","5","1","00-0037834"
"Jaxson Dart","QB","NYG","2","1","1","35","35","8","3","00-0040691"
"Alec Pierce","WR","IND","1","2","8","1","2","3","3","00-0037664"
"Jordan Love","QB","GB","1","2","1","35","35","2","1","00-0036264"
"George Kittle","TE","SF","1","1","6","1","1","5","3","00-0033288"
"Chris Rodriguez","RB","JAX","1","1","2","1","1","1","1","00-0038611"
"Dalton Kincaid","TE","BUF","1","1","2","1","1","2","1","00-0038933"
"Kyle Monangai","RB","CHI","1","1","2","1","1","2","2","00-0040236"
"Bo Nix","QB","DEN","1","1","1","34","34","6","2","00-0039732"
"Kyler Murray","QB","MIN","1","1","1","34","34","3","1","00-0035228"
"Jared Goff","QB","DET","1","1","1","32","32","3","1","00-0033106"
"Daniel Jones","QB","IND","1","1","1","27","26","1","1","00-0035710"
"CJ Stroud","QB","HOU","1","1","1","27","25","1","1","00-0039163"
"Sam Darnold","QB","SEA","1","1","1","26","25","1","1","00-0034869"
"Tyler Shough","QB","NO","1","1","1","26","25","2","1","00-0040743"
"BUF DST","DST","BUF","1","1","1","1","1","0","1","BUF DST"
"Cam Little","K","JAX","1","1","1","1","1","1","1","00-0039409"
"Cameron Dicker","K","LAC","1","1","1","1","1","2","2","00-0037224"
"Chase McLaughlin","K","TB","1","1","1","1","1","0","1","00-0035358"
"Chris Boswell","K","PIT","1","1","1","1","1","0","1","00-0031136"
"DAL DST","DST","DAL","1","1","1","1","1","0","1","DAL DST"
"Dallas Goedert","TE","PHI","1","1","1","1","1","2","1","00-0034351"
"DEN DST","DST","DEN","1","1","1","1","1","3","3","DEN DST"
"DET DST","DST","DET","1","1","1","1","1","1","1","DET DST"
"Eddy Pineiro","K","SF","1","1","1","1","1","1","1","00-0034173"
"Harrison Butker","K","KC","1","1","1","1","1","1","1","00-0033303"
"HOU DST","DST","HOU","1","1","1","1","1","4","3","HOU DST"
"Jake Bates","K","DET","1","1","1","1","1","1","1","00-0039172"
"Jakobi Meyers","WR","JAX","1","1","1","1","1","2","1","00-0034960"
"Jalen Coker","WR","CAR","1","1","1","1","1","1","1","00-0039491"
"Jason Myers","K","SEA","1","1","1","1","1","2","2","00-0031492"
"JAX DST","DST","JAX","1","1","1","1","1","0","1","JAX DST"
"Ka'imi Fairbairn","K","HOU","1","1","1","1","1","2","2","00-0032726"
"Khalil Shakir","WR","BUF","1","1","1","1","1","1","1","00-0037261"
"LA DST","DST","LA","1","1","1","1","1","4","4","LA DST"
"LAC DST","DST","LAC","1","1","1","1","1","1","1","LAC DST"
"Mike Washington","RB","LV","1","1","1","1","1","1","3","ROOKIE mike washington"
"MIN DST","DST","MIN","1","1","1","1","1","0","1","MIN DST"
"PHI DST","DST","PHI","1","1","1","1","1","1","1","PHI DST"
"PIT DST","DST","PIT","1","1","1","1","1","2","1","PIT DST"
"Rashid Shaheed","WR","SEA","1","1","1","1","1","1","1","00-0037545"
"Romeo Doubs","WR","NE","1","1","1","1","1","1","1","00-0037816"
"SEA DST","DST","SEA","1","1","1","1","1","3","2","SEA DST"
"SF DST","DST","SF","1","1","1","1","1","0","1","SF DST"
"Tank Bigsby","RB","PHI","1","1","1","1","1","0","1","00-0038555"
"TEN DST","DST","TEN","1","1","1","1","1","0","0","TEN DST"
"Travis Kelce","TE","KC","1","1","1","1","1","3","2","00-0030506"
"Tyler Loop","K","BAL","1","1","1","1","1","1","1","00-0040074"
"Will Reichard","K","MIN","1","1","1","1","1","1","1","00-0039404"
"Woody Marks","RB","HOU","1","1","1","1","1","1","1","00-0040583"
"Aaron Jones","RB","MIN","1","1","0","1","1","2","2","00-0033293"
"Keaton Mitchell","RB","LAC","1","1","0","1","1","0","1","00-0038454"
"Tyjae Spears","RB","TEN","1","1","0","1","1","1","1","00-0039032"
"Tyler Allgeier","RB","ARI","1","1","0","1","1","1","1","00-0037263"
"Isaiah Likely","TE","NYG","1","1","0","0","0","2","2","00-0037838"
"Mark Andrews","TE","BAL","1","1","0","0","0","2","1","00-0034753"
"Denzel Boston","WR","CLE","1","0","1","1","0","0","1","ROOKIE denzel boston"
"Deebo Samuel","WR","SF","1","0","0","0","0","1","1","00-0035719"
"Jonah Coleman","RB","DEN","1","0","0","0","0","1","1","ROOKIE jonah coleman"
"Jordyn Tyson","WR","NO","1","0","0","0","0","1","2","ROOKIE jordyn tyson"
"Keenan Allen","WR","IND","1","0","0","0","0","0","1","00-0030279"
"Tre Tucker","WR","LV","1","0","0","0","0","0","1","00-0038563"
"Bryce Young","QB","CAR","0","0","0","20","18","0","1","00-0039150"
"Cameron Ward","QB","TEN","0","0","0","20","17","0","1","00-0040676"
"Aaron Rodgers","QB","PIT","0","0","0","17","14","0","2","00-0023459"
"Fernando Mendoza","QB","LV","0","0","0","15","12","0","1","ROOKIE fernando mendoza"
"Geno Smith","QB","NYJ","0","0","0","9","4","0","0","00-0030565"
"Adam Randall","RB","BAL","0","0","0","0","0","0","0","ROOKIE adam randall"
"Adam Trautman","TE","DEN","0","0","0","0","0","0","0","00-0036422"
"Adonai Mitchell","WR","NYJ","0","0","0","0","0","0","0","00-0039890"
"AJ Barner","TE","SEA","0","0","0","0","0","0","1","00-0039793"
"Alvin Kamara","RB","NO","0","0","0","0","0","1","1","00-0033906"
"Andre Szmyt","K","CLE","0","0","0","0","0","0","0","00-0038428"
"Andrei Iosivas","WR","CIN","0","0","0","0","0","0","0","00-0038619"
"Andy Borregales","K","NE","0","0","0","0","0","0","1","00-0040200"
"Antonio Williams","WR","WAS","0","0","0","0","0","0","0","ROOKIE antonio williams"
"ARI DST","DST","ARI","0","0","0","0","0","0","0","ARI DST"
"Ashton Dulin","WR","IND","0","0","0","0","0","0","0","00-0035021"
"ATL DST","DST","ATL","0","0","0","0","0","0","0","ATL DST"
"Austin Hooper","TE","ATL","0","0","0","0","0","0","0","00-0032392"
"BAL DST","DST","BAL","0","0","0","0","0","1","1","BAL DST"
"Barion Brown","WR","NO","0","0","0","0","0","0","0","ROOKIE barion brown"
"Bauer Sharp","TE","TB","0","0","0","0","0","0","0","ROOKIE bauer sharp"
"Blake Grupe","K","IND","0","0","0","0","0","0","0","00-0038905"
"Blake Whiteheart","TE","CLE","0","0","0","0","0","0","0","00-0038710"
"Bo Melton","WR","GB","0","0","0","0","0","0","0","00-0037091"
"Braelon Allen","RB","NYJ","0","0","0","0","0","0","1","00-0039794"
"Brandon Aiyuk","WR","FA","0","0","0","0","0","0","0","00-0036261"
"Brashard Smith","RB","KC","0","0","0","0","0","0","0","00-0040078"
"Brenen Thompson","WR","LAC","0","0","0","0","0","0","0","ROOKIE brenen thompson"
"Brenton Strange","TE","JAX","0","0","0","0","0","0","1","00-0038935"
"Brian Robinson","RB","ATL","0","0","0","0","0","1","18","00-0037746"
"British Brooks","RB","HOU","0","0","0","0","0","0","0","00-0039603"
"Brock Wright","TE","DET","0","0","0","0","0","0","0","00-0036754"
"Bryce Lance","WR","NO","0","0","0","0","0","0","0","ROOKIE bryce lance"
"Cade Otton","TE","TB","0","0","0","0","0","0","0","00-0038129"
"Cade Stover","TE","HOU","0","0","0","0","0","0","0","00-0039359"
"Cade York","K","NYJ","0","0","0","0","0","0","0","00-0038097"
"Cairo Santos","K","CHI","0","0","0","0","0","0","1","00-0031203"
"Caleb Douglas","WR","MIA","0","0","0","0","0","0","0","ROOKIE caleb douglas"
"Calvin Ridley","WR","TEN","0","0","0","0","0","0","0","00-0034837"
"Camden Brown","WR","DAL","0","0","0","0","0","0","0","ROOKIE camden brown"
"CAR DST","DST","CAR","0","0","0","0","0","0","0","CAR DST"
"Carsen Ryan","TE","CLE","0","0","0","0","0","0","0","ROOKIE carsen ryan"
"Carson Beck","QB","ARI","0","0","0","0","0","0","0","ROOKIE carson beck"
"Cedrick Wilson","WR","DET","0","0","0","0","0","0","0","00-0034418"
"Chad Ryland","K","ARI","0","0","0","0","0","0","0","00-0038567"
"Charlie Kolar","TE","LAC","0","0","0","0","0","0","0","00-0038046"
"Charlie Smyth","K","NO","0","0","0","0","0","0","0","00-0039229"
"CHI DST","DST","CHI","0","0","0","0","0","0","1","CHI DST"
"Chig Okonkwo","TE","WAS","0","0","0","0","0","0","1","00-0037809"
"Chimere Dike","WR","TEN","0","0","0","0","0","0","0","00-0040705"
"Chris Bell","WR","MIA","0","0","0","0","0","0","0","ROOKIE chris bell"
"Chris Brooks","RB","GB","0","0","0","0","0","0","0","00-0038685"
"Christian Kirk","WR","SF","0","0","0","0","0","0","0","00-0034775"
"CIN DST","DST","CIN","0","0","0","0","0","0","0","CIN DST"
"CJ Williams","WR","JAX","0","0","0","0","0","0","0","ROOKIE cj williams"
"CLE DST","DST","CLE","0","0","0","0","0","1","1","CLE DST"
"Colbie Young","WR","CIN","0","0","0","0","0","0","0","ROOKIE colbie young"
"Colby Parkinson","TE","LA","0","0","0","0","0","0","0","00-0036244"
"Cole Kmet","TE","CHI","0","0","0","0","0","0","0","00-0036290"
"Cooper Kupp","WR","SEA","0","0","0","0","0","0","1","00-0033908"
"Cyrus Allen","WR","KC","0","0","0","0","0","0","0","ROOKIE cyrus allen"
"Dalton Schultz","TE","HOU","0","0","0","0","0","0","1","00-0034383"
"Daniel Bellinger","TE","TEN","0","0","0","0","0","0","0","00-0038115"
"Dare Ogunbowale","RB","LV","0","0","0","0","0","0","0","00-0033854"
"Darius Slayton","WR","NYG","0","0","0","0","0","0","0","00-0035535"
"Darnell Mooney","WR","NYG","0","0","0","0","0","0","0","00-0036309"
"Darnell Washington","TE","PIT","0","0","0","0","0","0","0","00-0038558"
"Darren Waller","TE","CAR","0","0","0","0","0","0","0","00-0031610"
"David Njoku","TE","LAC","0","0","0","0","0","0","1","00-0033885"
"Dawson Knox","TE","BUF","0","0","0","0","0","0","0","00-0035689"
"Deion Burks","WR","IND","0","0","0","0","0","0","0","ROOKIE deion burks"
"Demarcus Robinson","WR","SF","0","0","0","0","0","0","0","00-0032775"
"Demario Douglas","WR","NE","0","0","0","0","0","0","0","00-0038621"
"Demond Claiborne","RB","MIN","0","0","0","0","0","0","0","ROOKIE demond claiborne"
"Derius Davis","WR","LAC","0","0","0","0","0","0","0","00-0038573"
"Deshaun Watson","QB","CLE","0","0","0","0","0","0","0","00-0033537"
"Devaughn Vele","WR","NO","0","0","0","0","0","0","0","00-0039424"
"Devin Culp","TE","TB","0","0","0","0","0","0","0","00-0039754"
"Devin Duvernay","WR","ARI","0","0","0","0","0","0","0","00-0036331"
"Devin Singletary","RB","NYG","0","0","0","0","0","0","0","00-0035250"
"Devontez Walker","WR","BAL","0","0","0","0","0","0","0","00-0039792"
"Dillon Gabriel","QB","CLE","0","0","0","0","0","0","0","00-0040704"
"DJ Giddens","RB","IND","0","0","0","0","0","0","0","00-0040179"
"Dohnte Meyers","WR","CIN","0","0","0","0","0","0","0","ROOKIE dohnte meyers"
"Dont'e Thornton","WR","LV","0","0","0","0","0","0","0","00-0040581"
"Dontayvion Wicks","WR","PHI","0","0","0","0","0","0","0","00-0038393"
"Drew Sample","TE","CIN","0","0","0","0","0","0","0","00-0035631"
"Durham Smythe","TE","BAL","0","0","0","0","0","0","0","00-0034798"
"Dylan Sampson","RB","CLE","0","0","0","0","0","0","0","00-0040162"
"Eli Heidenreich","RB","PIT","0","0","0","0","0","0","0","ROOKIE eli heidenreich"
"Eli Raridon","TE","NE","0","0","0","0","0","0","0","ROOKIE eli raridon"
"Eli Stowers","TE","PHI","0","0","0","0","0","0","0","ROOKIE eli stowers"
"Elic Ayomanor","WR","TEN","0","0","0","0","0","0","0","00-0040170"
"Elijah Arroyo","TE","SEA","0","0","0","0","0","0","0","00-0040739"
"Elijah Higgins","TE","ARI","0","0","0","0","0","0","0","00-0039041"
"Elijah Sarratt","WR","BAL","0","0","0","0","0","0","0","ROOKIE elijah sarratt"
"Emanuel Wilson","RB","SEA","0","0","0","0","0","0","0","00-0038797"
"Emari Demercado","RB","DAL","0","0","0","0","0","0","0","00-0038705"
"Emmanuel Henderson","WR","SEA","0","0","0","0","0","0","0","ROOKIE emmanuel henderson"
"Emmett Johnson","RB","KC","0","0","0","0","0","0","2","ROOKIE emmett johnson"
"Erick All","TE","CIN","0","0","0","0","0","0","0","00-0039814"
"Evan Engram","TE","DEN","0","0","0","0","0","0","0","00-0033881"
"Evan McPherson","K","CIN","0","0","0","0","0","0","1","00-0036854"
"Foster Moreau","TE","HOU","0","0","0","0","0","0","0","00-0034981"
"GB DST","DST","GB","0","0","0","0","0","0","2","GB DST"
"George Holani","RB","SEA","0","0","0","0","0","0","0","00-0039299"
"Germie Bernard","WR","PIT","0","0","0","0","0","0","0","ROOKIE germie bernard"
"Greg Dulcich","TE","MIA","0","0","0","0","0","0","1","00-0037252"
"Gunnar Helm","TE","TEN","0","0","0","0","0","0","0","00-0040584"
"Harrison Mevis","K","LA","0","0","0","0","0","1","1","00-0039498"
"Hunter Henry","TE","NE","0","0","0","0","0","1","1","00-0033090"
"Hunter Luepke","RB","DAL","0","0","0","0","0","0","0","00-0038738"
"IND DST","DST","IND","0","0","0","0","0","0","0","IND DST"
"Isaac Guerendo","RB","SF","0","0","0","0","0","0","0","00-0039363"
"Isaac TeSlaa","WR","DET","0","0","0","0","0","0","1","00-0040669"
"Isaiah Bond","WR","CLE","0","0","0","0","0","0","0","00-0040782"
"Isaiah Davis","RB","NYJ","0","0","0","0","0","0","0","00-0039798"
"Isaiah Williams","WR","NYJ","0","0","0","0","0","0","0","00-0039451"
"Isiah Pacheco","RB","DET","0","0","0","0","0","1","1","00-0037197"
"Ja'Kobi Lane","WR","BAL","0","0","0","0","0","0","1","ROOKIE jakobi lane"
"Ja'Tavion Sanders","TE","CAR","0","0","0","0","0","0","0","00-0039356"
"Jack Bech","WR","LV","0","0","0","0","0","0","0","00-0040729"
"Jack Endries","TE","CIN","0","0","0","0","0","0","0","ROOKIE jack endries"
"Jackson Hawes","TE","BUF","0","0","0","0","0","0","0","00-0040194"
"Jacob Saylors","RB","DET","0","0","0","0","0","0","0","00-0038896"
"Jacoby Brissett","QB","ARI","0","0","0","0","0","0","0","00-0033119"
"Jahan Dotson","WR","ATL","0","0","0","0","0","0","0","00-0037741"
"Jahdae Walker","WR","CHI","0","0","0","0","0","0","0","00-0040277"
"Jake Elliott","K","PHI","0","0","0","0","0","0","1","00-0033787"
"Jake Ferguson","TE","DAL","0","0","0","0","0","2","1","00-0038041"
"Jake Moody","K","WAS","0","0","0","0","0","0","0","00-0038562"
"Jake Tonges","TE","SF","0","0","0","0","0","0","0","00-0037112"
"Jalen McMillan","WR","TB","0","0","0","0","0","1","0","00-0039855"
"Jalen Nailor","WR","LV","0","0","0","0","0","0","1","00-0037291"
"Jalen Tolbert","WR","MIA","0","0","0","0","0","0","0","00-0037666"
"Jam Miller","RB","NE","0","0","0","0","0","0","0","ROOKIE jam miller"
"James Conner","RB","ARI","0","0","0","0","0","0","1","00-0033553"
"Jared Wayne","WR","HOU","0","0","0","0","0","0","0","00-0038728"
"Jason Sanders","K","NYG","0","0","0","0","0","0","0","00-0034794"
"Jauan Jennings","WR","MIN","0","0","0","0","0","0","1","00-0036259"
"Jawhar Jordan","RB","HOU","0","0","0","0","0","0","0","00-0039405"
"Jaydon Blue","RB","DAL","0","0","0","0","0","0","0","00-0040586"
"Jaylen Wright","RB","MIA","0","0","0","0","0","0","0","00-0039874"
"Jaylin Noel","WR","HOU","0","0","0","0","0","0","0","00-0040138"
"Jeremy McNichols","RB","WAS","0","0","0","0","0","0","0","00-0033955"
"Jerry Jeudy","WR","CLE","0","0","0","0","0","0","0","00-0036407"
"Jimmy Horn","WR","CAR","0","0","0","0","0","0","0","00-0040218"
"JJ McCarthy","QB","MIN","0","0","0","0","0","0","0","00-0039923"
"Joe Royer","TE","CLE","0","0","0","0","0","0","0","ROOKIE joe royer"
"Joey Slye","K","TEN","0","0","0","0","0","0","0","00-0035192"
"John Metchie","WR","CAR","0","0","0","0","0","0","0","00-0037614"
"Jonathan Mingo","WR","DAL","0","0","0","0","0","0","0","00-0039062"
"Jonnu Smith","TE","GB","0","0","0","0","0","0","0","00-0033858"
"Jordan James","RB","SF","0","0","0","0","0","0","0","00-0040177"
"Jordan Whittington","WR","LA","0","0","0","0","0","0","0","00-0039751"
"Josh Cameron","WR","JAX","0","0","0","0","0","0","0","ROOKIE josh cameron"
"Josh Oliver","TE","MIN","0","0","0","0","0","0","0","00-0035249"
"Josh Whyle","TE","GB","0","0","0","0","0","0","0","00-0038589"
"Joshua Palmer","WR","BUF","0","0","0","0","0","0","0","00-0036988"
"Justice Hill","RB","BAL","0","0","0","0","0","0","0","00-0034975"
"Juwan Johnson","TE","NO","0","0","0","0","0","1","1","00-0036040"
"Kaden Wetjen","WR","PIT","0","0","0","0","0","0","0","ROOKIE kaden wetjen"
"Kaelon Black","RB","SF","0","0","0","0","0","0","1","ROOKIE kaelon black"
"Kaleb Johnson","RB","GB","0","0","0","0","0","0","0","00-0040142"
"Kalif Raymond","WR","CHI","0","0","0","0","0","0","0","00-0032464"
"KaVontae Turpin","WR","DAL","0","0","0","0","0","0","0","00-0037801"
"Kayshon Boutte","WR","HOU","0","0","0","0","0","0","0","00-0038608"
"Kaytron Allen","RB","WAS","0","0","0","0","0","0","0","ROOKIE kaytron allen"
"KC DST","DST","KC","0","0","0","0","0","0","1","KC DST"
"Keandre Lambert-Smith","WR","LAC","0","0","0","0","0","0","0","00-0040184"
"Kendre Miller","RB","NO","0","0","0","0","0","0","0","00-0038551"
"Kendrick Bourne","WR","ARI","0","0","0","0","0","0","0","00-0033307"
"Kenyon Sadiq","TE","NYJ","0","0","0","0","0","0","1","ROOKIE kenyon sadiq"
"Keon Coleman","WR","BUF","0","0","0","0","0","0","0","00-0039901"
"Kevin Coleman","WR","MIA","0","0","0","0","0","0","0","ROOKIE kevin coleman"
"Kimani Vidal","RB","LAC","0","0","0","0","0","0","0","00-0039391"
"Kirk Cousins","QB","LV","0","0","0","0","0","0","0","00-0029604"
"Konata Mumpfield","WR","LA","0","0","0","0","0","0","0","00-0040590"
"Kyle Juszczyk","RB","SF","0","0","0","0","0","0","0","00-0029892"
"Kyle Williams","WR","NE","0","0","0","0","0","0","0","00-0040131"
"Laquon Treadwell","WR","IND","0","0","0","0","0","0","0","00-0032951"
"LeQuint Allen","RB","JAX","0","0","0","0","0","0","0","00-0040238"
"Lewis Bond","WR","HOU","0","0","0","0","0","0","0","ROOKIE lewis bond"
"Lil'Jordan Humphrey","WR","DEN","0","0","0","0","0","0","0","00-0035406"
"Luke McCaffrey","WR","WAS","0","0","0","0","0","0","0","00-0039355"
"Luke Schoonmaker","TE","DAL","0","0","0","0","0","0","0","00-0038547"
"LV DST","DST","LV","0","0","0","0","0","0","0","LV DST"
"Mack Hollins","WR","NE","0","0","0","0","0","0","0","00-0033555"
"Malachi Fields","WR","NYG","0","0","0","0","0","0","0","ROOKIE malachi fields"
"Malik Benson","WR","LV","0","0","0","0","0","0","0","ROOKIE malik benson"
"Malik Davis","RB","DAL","0","0","0","0","0","0","0","00-0037563"
"Malik Washington","WR","MIA","0","0","0","0","0","0","0","00-0039880"
"Marlin Klein","TE","HOU","0","0","0","0","0","0","0","ROOKIE marlin klein"
"Marquise Brown","WR","PHI","0","0","0","0","0","0","0","00-0035662"
"Marvin Mims","WR","DEN","0","0","0","0","0","0","0","00-0038976"
"Mason Taylor","TE","NYJ","0","0","0","0","0","0","0","00-0040736"
"Matt Gay","K","LV","0","0","0","0","0","0","0","00-0035269"
"Matthew Hibner","TE","BAL","0","0","0","0","0","0","0","ROOKIE matthew hibner"
"Max Klare","TE","LA","0","0","0","0","0","0","0","ROOKIE max klare"
"MIA DST","DST","MIA","0","0","0","0","0","0","0","MIA DST"
"Michael Mayer","TE","LV","0","0","0","0","0","0","0","00-0039066"
"Michael Penix","QB","ATL","0","0","0","0","0","0","0","00-0039917"
"Mike Gesicki","TE","CIN","0","0","0","0","0","0","0","00-0034829"
"Mitchell Evans","TE","CAR","0","0","0","0","0","0","0","00-0040187"
"Mo Alie-Cox","TE","IND","0","0","0","0","0","0","0","00-0033217"
"Montorie Foster","WR","SEA","0","0","0","0","0","0","0","00-0040621"
"Myles Price","WR","MIN","0","0","0","0","0","0","0","00-0040506"
"Najee Harris","RB","NYG","0","0","0","0","0","0","0","00-0036893"
"Nate Adkins","TE","DEN","0","0","0","0","0","0","0","00-0038783"
"Nate Boerkircher","TE","JAX","0","0","0","0","0","0","0","ROOKIE nate boerkircher"
"NE DST","DST","NE","0","0","0","0","0","1","1","NE DST"
"Nicholas Singleton","RB","TEN","0","0","0","0","0","0","0","ROOKIE nicholas singleton"
"Nick Folk","K","ATL","0","0","0","0","0","0","1","00-0025565"
"NO DST","DST","NO","0","0","0","0","0","0","0","NO DST"
"Noah Fant","TE","NO","0","0","0","0","0","0","0","00-0035644"
"Noah Gray","TE","KC","0","0","0","0","0","0","0","00-0036637"
"NYG DST","DST","NYG","0","0","0","0","0","0","1","NYG DST"
"NYJ DST","DST","NYJ","0","0","0","0","0","0","0","NYJ DST"
"Odell Beckham","WR","NYG","0","0","0","0","0","0","0","00-0031235"
"Olamide Zaccheaus","WR","ATL","0","0","0","0","0","0","0","00-0035208"
"Ollie Gordon","RB","MIA","0","0","0","0","0","0","0","00-0040198"
"Omar Cooper","WR","NYJ","0","0","0","0","0","0","0","ROOKIE omar cooper"
"Oronde Gadsden","TE","LAC","0","0","0","0","0","0","1","00-0040189"
"Oscar Delp","TE","NO","0","0","0","0","0","0","0","ROOKIE oscar delp"
"Pat Bryant","WR","DEN","0","0","0","0","0","0","0","00-0040134"
"Pat Freiermuth","TE","PIT","0","0","0","0","0","0","1","00-0036894"
"Rasheen Ali","RB","BAL","0","0","0","0","0","0","0","00-0039796"
"Rashod Bateman","WR","BAL","0","0","0","0","0","0","0","00-0036550"
"Ray Davis","RB","BUF","0","0","0","0","0","0","1","00-0039875"
"Reggie Virgil","WR","ARI","0","0","0","0","0","0","0","ROOKIE reggie virgil"
"Roman Wilson","WR","PIT","0","0","0","0","0","0","0","00-0039739"
"Ronnie Rivers","RB","LA","0","0","0","0","0","0","0","00-0037557"
"Roschon Johnson","RB","CHI","0","0","0","0","0","0","0","00-0039021"
"Ryan Fitzgerald","K","CAR","0","0","0","0","0","0","0","00-0040279"
"Ryan Flournoy","WR","DAL","0","0","0","0","0","0","0","00-0039410"
"Sam Roush","TE","CHI","0","0","0","0","0","0","0","ROOKIE sam roush"
"Samaje Perine","RB","CIN","0","0","0","0","0","0","0","00-0033526"
"Savion Williams","WR","GB","0","0","0","0","0","0","0","00-0040009"
"Sean Tucker","RB","TB","0","0","0","0","0","0","0","00-0038951"
"Seth McGowan","RB","IND","0","0","0","0","0","0","0","ROOKIE seth mcgowan"
"Shedeur Sanders","QB","CLE","0","0","0","0","0","0","0","00-0040668"
"Sione Vaki","RB","DET","0","0","0","0","0","0","0","00-0039364"
"Skyler Bell","WR","BUF","0","0","0","0","0","0","0","ROOKIE skyler bell"
"Tahj Brooks","RB","CIN","0","0","0","0","0","0","0","00-0040208"
"Tai Felton","WR","MIN","0","0","0","0","0","0","0","00-0040154"
"Tank Dell","WR","HOU","0","0","0","0","0","0","0","00-0038977"
"Tanner Koziol","TE","JAX","0","0","0","0","0","0","0","ROOKIE tanner koziol"
"Tay Martin","WR","DET","0","0","0","0","0","0","0","00-0037524"
"Taylen Green","QB","CLE","0","0","0","0","0","0","0","ROOKIE taylen green"
"TB DST","DST","TB","0","0","0","0","0","0","0","TB DST"
"Ted Hurst","WR","TB","0","0","0","0","0","0","0","ROOKIE ted hurst"
"Terrance Ferguson","TE","LA","0","0","0","0","0","0","1","00-0040737"
"Tez Johnson","WR","TB","0","0","0","0","0","0","0","00-0040237"
"Theo Johnson","TE","NYG","0","0","0","0","0","0","0","00-0039847"
"Tim Patrick","WR","NYJ","0","0","0","0","0","0","0","00-0033375"
"Tip Reiman","TE","ARI","0","0","0","0","0","0","0","00-0039737"
"TJ Hockenson","TE","MIN","0","0","0","0","0","1","1","00-0035229"
"Tommy Tremble","TE","CAR","0","0","0","0","0","0","0","00-0037005"
"Tory Horton","WR","SEA","0","0","0","0","0","0","0","00-0040648"
"Travis Hunter","WR","JAX","0","0","0","0","0","2","1","00-0040718"
"Tre' Harris","WR","LAC","0","0","0","0","0","0","0","00-0040727"
"Trevor Etienne","RB","CAR","0","0","0","0","0","0","0","00-0040644"
"Trey Smack","K","GB","0","0","0","0","0","0","1","ROOKIE trey smack"
"Treylon Burks","WR","WAS","0","0","0","0","0","0","0","00-0037742"
"Troy Franklin","WR","DEN","0","0","0","0","0","0","0","00-0039868"
"Tua Tagovailoa","QB","ATL","0","0","0","0","0","0","0","00-0036212"
"Tutu Atwell","WR","LA","0","0","0","0","0","0","0","00-0036849"
"Ty Johnson","RB","BUF","0","0","0","0","0","0","0","00-0035537"
"Tyler Bass","K","BUF","0","0","0","0","0","0","1","00-0036162"
"Tyler Higbee","TE","LA","0","0","0","0","0","0","0","00-0033110"
"Tyquan Thornton","WR","KC","0","0","0","0","0","0","0","00-0038104"
"Tyrone Tracy","RB","NYG","0","0","0","0","0","0","1","00-0039384"
"WAS DST","DST","WAS","0","0","0","0","0","0","0","WAS DST"
"Wil Lutz","K","DEN","0","0","0","0","0","0","1","00-0032569"
"Will Kacmarek","TE","MIA","0","0","0","0","0","0","0","ROOKIE will kacmarek"
"Will Shipley","RB","PHI","0","0","0","0","0","0","0","00-0039746"
"Xavier Hutchinson","WR","HOU","0","0","0","0","0","0","0","00-0038618"
"Xavier Legette","WR","CAR","0","0","0","0","0","0","0","00-0039342"
"Xavier Smith","WR","LA","0","0","0","0","0","0","0","00-0038359"
"Zach Charbonnet","RB","SEA","0","0","0","0","0","1","2","00-0039165"
"Zach Ertz","TE","FA","0","0","0","0","0","0","0","00-0030061"
"Zachariah Branch","WR","ATL","0","0","0","0","0","0","0","ROOKIE zachariah branch"
"Zane Gonzalez","K","MIA","0","0","0","0","0","0","0","00-0033862"
"Zavion Thomas","WR","CHI","0","0","0","0","0","0","0","ROOKIE zavion thomas"